﻿<addon id="plugin.video.exoshark" version="1.2.6" name="ExoShark" provider-name="ExoShark">
	<requires>
		<import addon="xbmc.python" version="2.19.0" />
		<import addon="script.exoshark.artwork" version="1.0.0" />
		<import addon="script.exoshark.metadata" version="1.0.0" />
		<import addon="script.module.urlresolver" version="3.0.32" />
		<import addon="script.module.metahandler" version="2.9.0" />
		<import addon="script.module.requests" version="2.12.4" />
		<import addon="script.module.beautifulsoup4"/>
	</requires>
	<extension point="xbmc.python.pluginsource" library="exoshark.py">
		<provides>video</provides>
	</extension>
	<extension point="xbmc.service" library="service.py" start="startup" />
	<extension point="xbmc.addon.metadata">
		<summary lang="en">ExoShark</summary>
		<summary lang="hu">ExoShark</summary>
		<platform>all</platform>
		<forum></forum>
		<website></website>
		<source></source>
		<assets>
			<icon>icon.png</icon>
			<fanart>fanart.jpg</fanart>
			<screenshot>resources/screenshots/screenshot-01.jpg</screenshot>
			<screenshot>resources/screenshots/screenshot-02.jpg</screenshot>
			<screenshot>resources/screenshots/screenshot-03.jpg</screenshot>
		</assets>
		<news>- A környezeti menü előhívásával a filmhez/sorozathoz hasonló tartalom kereshető
- Forrásbetöltés korlátozása - a beállított kiszolgáló limit után betöltődnek a források (módosítható a beállításokban)
- Speciális epizódok megjelenítése (bekapcsolható a beállításokban)
- Csak prémium források megjelenítése opció (bekapcsolható a beállításokban)
- Trakt Gyűjtemény automatikus szinkronizálása (bekapcsolható a beállításokban)
- Kisebb hibajavítások
- Új angol kiszolgálók (MOVIESERIESTV, MOVIEWATCHER)
- FURK kiszolgáló (fejlesztés alatt)
- Angol kiszolgáló frissítések (BEETV, CARTOONHD, CMOVIES, DLTUBE, EXTRAMOVIES, FLIXANITY, MOVIE4KIS, WATCHSERIES)
Megjegyzés: A FURK kiszolgáló használatához regisztráció szükséges.</news>
	</extension>
</addon>