﻿<addon id="plugin.video.exoshark" version="1.4.0" name="ExoShark" provider-name="ExoShark">
	<requires>
		<import addon="xbmc.python" version="2.19.0" />
		<import addon="script.exoshark.artwork" version="1.0.0" />
		<import addon="script.exoshark.metadata" version="1.0.0" />
		<import addon="script.module.urlresolver" version="3.0.32" />
		<import addon="script.module.resolveurl" version="5.0.07" />
		<import addon="script.module.metahandler" version="2.9.0" />
		<import addon="script.module.requests" version="2.12.4" />
		<import addon="script.module.beautifulsoup4"/>
		<!-- [ORION/] -->
		<import addon="script.module.orion" version="1.2.0" optional="true"/>
		<!-- [/ORION] -->
	</requires>
	<extension point="xbmc.python.pluginsource" library="exoshark.py">
		<provides>video</provides>
	</extension>
	<extension point="xbmc.service" library="service.py" start="startup" />
	<extension point="xbmc.addon.metadata">
		<summary lang="en">ExoShark</summary>
		<summary lang="hu">ExoShark</summary>
		<disclaimer lang="en">The author does not host or distribute any of the content displayed by this addon. The author does not have any affiliation with the content provider.</disclaimer>
		<disclaimer lang="hu">A szerzőnek nincs birtokában a kiegészítő által megjelenített tartalom. A szerzőnek nincs semmilyen kapcsolata a tartalomszolgáltatóval.</disclaimer>
		<platform>all</platform>
		<forum></forum>
		<website></website>
		<source></source>
		<assets>
			<icon>icon.png</icon>
			<fanart>fanart.jpg</fanart>
			<screenshot>resources/screenshots/screenshot-01.jpg</screenshot>
			<screenshot>resources/screenshots/screenshot-02.jpg</screenshot>
			<screenshot>resources/screenshots/screenshot-03.jpg</screenshot>
		</assets>
		<news>- Magyar kiszolgáló frissítések
- NETMOZI kiszolágló eltávolítva
- Angol kiszolgáló frissítések
- Cached kiszolgálók (endegélyezhető a beállításokban - Real-Debrid vagy Premiumize fiók szükséges)
- Jelenleg a mozikban szekció javítva
- Új szekciók a Filmekben: Legjobbra értékelt, Új lemezes megjelenések
- Új szekció a Sorozatokban: Legjobbra értékelt
- Az 'IMDb Infó' információs ablak javítva</news>
	</extension>
</addon>