<addon id="repository.exoshark" name="ExoShark Repository" version="1.0.0" provider-name="ExoShark">
<extension point="xbmc.addon.repository" name="ExoShark Repo">
<info compressed="false">http://raw.github.com/hunrepo/exsrepo/master/addons.xml</info>
<checksum>http://raw.github.com/hunrepo/exsrepo/master/addons.xml.md5</checksum>
<datadir zip="true">http://raw.github.com/hunrepo/exsrepo/master/zips</datadir>
</extension>
<extension point="xbmc.addon.metadata">
<summary lang="en">ExoShark Repository</summary>
<description lang="en"></description>
<platform>all</platform>
</extension>
</addon>